INSERT INTO seller (id, nome, site, cep, endereco, numero, bairro, complemento, referencia, cidade, uf, observacao, created_at, updated_at, nome_contato, telefone_contato, frete_tipo, frete_token, frete_url, ativo) VALUES(1, 'Dimona', 'https://camisadimona.com.br/loja/conta/pedidos', '13898989', 'Rua 6 de Abril', '1302', 'Centro', NULL, NULL, 'Franca', 'MG', '', now(), now(), 'Nenhum', '392839823989', 'proprio', '', NULL, true);

INSERT INTO cor (nome, valor, slug, ativo, created_at, updated_at, order_exibicao) VALUES('Branco', '#FFFFFF', 'branco', true, now(), now(), 0);
INSERT INTO cor (nome, valor, slug, ativo, created_at, updated_at, order_exibicao) VALUES('Amarelo Canário', '#FFDE67', 'amarelo-canario', true, now(), now(), 1);
INSERT INTO cor (nome, valor, slug, ativo, created_at, updated_at, order_exibicao) VALUES('Laranja', '#FF9156', 'laranja', true, now(), now(), 2);
INSERT INTO cor (nome, valor, slug, ativo, created_at, updated_at, order_exibicao) VALUES('Rosa Pink', '#FF109C', 'rosa-pink', true, now(), now(), 4);
INSERT INTO cor (nome, valor, slug, ativo, created_at, updated_at, order_exibicao) VALUES('Roxo', '#7232EF', 'roxo', true, now(), now(), 5);
INSERT INTO cor (nome, valor, slug, ativo, created_at, updated_at, order_exibicao) VALUES('Azul Royal', '#004BAA', 'azul-royal', true, now(), now(), 6);
INSERT INTO cor (nome, valor, slug, ativo, created_at, updated_at, order_exibicao) VALUES('Azul Turquesa', '#009CED', 'azul-turquesa', true, now(), now(), 8);
INSERT INTO cor (nome, valor, slug, ativo, created_at, updated_at, order_exibicao) VALUES('Cinza Chumbo', '#4C4A4C', 'cinza-chumbo', true, now(), now(), 11);
INSERT INTO cor (nome, valor, slug, ativo, created_at, updated_at, order_exibicao) VALUES('Preto', '#000000', 'preto', true, now(), now(), 12);
INSERT INTO cor (nome, valor, slug, ativo, created_at, updated_at, order_exibicao) VALUES('Azul Marinho', '#00547B', 'azul-marinho', true, now(), now(), 7);
INSERT INTO cor (nome, valor, slug, ativo, created_at, updated_at, order_exibicao) VALUES('Verde Bandeira', '#00803C', 'verde-bandeira', true, now(), now(), 9);
INSERT INTO cor (nome, valor, slug, ativo, created_at, updated_at, order_exibicao) VALUES('Cinza Mescla', '#BEC0C3', 'cinza-mescla', true, now(), now(), 10);

INSERT INTO modelo (id, descricao, created_at, updated_at, descricao_cliente, valor) VALUES(1, 'T-Shirt', now(), now(), 'T-Shirt', 51.99);
INSERT INTO modelo (id, descricao, created_at, updated_at, descricao_cliente, valor) VALUES(2, 'Baby Long', now(), now(), 'T-Shirt Feminina', 51.99);
INSERT INTO modelo (id, descricao, created_at, updated_at, descricao_cliente, valor) VALUES(3, 'Cropped', now(), now(), 'Cropped', 51.99);
INSERT INTO modelo (id, descricao, created_at, updated_at, descricao_cliente, valor) VALUES(4, 'Classic Infantil', now(), now(), 'Infantil', 51.99);


INSERT INTO tamanho (nome, slug, ativo, created_at, updated_at, order_exibicao, descricao_cliente) VALUES('P', 'p', true, now(), now(), 0, 'P');
INSERT INTO tamanho (nome, slug, ativo, created_at, updated_at, order_exibicao, descricao_cliente) VALUES('M', 'm', true, now(), now(), 1, 'M');
INSERT INTO tamanho (nome, slug, ativo, created_at, updated_at, order_exibicao, descricao_cliente) VALUES('G', 'g', true, now(), now(), 2, 'G');
INSERT INTO tamanho (nome, slug, ativo, created_at, updated_at, order_exibicao, descricao_cliente) VALUES('GG', 'gg', true, now(), now(), 3, 'GG');
INSERT INTO tamanho (nome, slug, ativo, created_at, updated_at, order_exibicao, descricao_cliente) VALUES('XGG', 'xgg', true, now(), now(), 4, 'XGG');
INSERT INTO tamanho (nome, slug, ativo, created_at, updated_at, order_exibicao, descricao_cliente) VALUES('Tamanho 2', 'tamanho-2', true, now(), now(), 5, 'Tam. 2');
INSERT INTO tamanho (nome, slug, ativo, created_at, updated_at, order_exibicao, descricao_cliente) VALUES('Tamanho 4', 'tamanho-4', true, now(), now(), 6, 'Tam. 4');
INSERT INTO tamanho (nome, slug, ativo, created_at, updated_at, order_exibicao, descricao_cliente) VALUES('Tamanho 6', 'tamanho-6', true, now(), now(), 7, 'Tam. 6');
INSERT INTO tamanho (nome, slug, ativo, created_at, updated_at, order_exibicao, descricao_cliente) VALUES('Tamanho 8', 'tamanho-8', true, now(), now(), 8, 'Tam. 8');
INSERT INTO tamanho (nome, slug, ativo, created_at, updated_at, order_exibicao, descricao_cliente) VALUES( 'Tamanho 10', 'tamanho-10', true, now(), now(), 9, 'Tam. 10');
INSERT INTO tamanho (nome, slug, ativo, created_at, updated_at, order_exibicao, descricao_cliente) VALUES( 'Tamanho 12', 'tamanho-12', true, now(), now(), 10, 'Tam. 12');
INSERT INTO tamanho (nome, slug, ativo, created_at, updated_at, order_exibicao, descricao_cliente) VALUES( 'Tamanho 14', 'tamanho-14', true, now(), now(), 11, 'Tam. 14');


INSERT INTO tamanho_modelo (ativo, created_at, updated_at, modelo_id, tamanho_id) VALUES(true, now(), now(), 1, 1);
INSERT INTO tamanho_modelo (ativo, created_at, updated_at, modelo_id, tamanho_id) VALUES(true, now(), now(), 1, 2);
INSERT INTO tamanho_modelo (ativo, created_at, updated_at, modelo_id, tamanho_id) VALUES(true, now(), now(), 1, 3);
INSERT INTO tamanho_modelo (ativo, created_at, updated_at, modelo_id, tamanho_id) VALUES(true, now(), now(), 1, 4);
INSERT INTO tamanho_modelo (ativo, created_at, updated_at, modelo_id, tamanho_id) VALUES(true, now(), now(), 1, 5);
INSERT INTO tamanho_modelo (ativo, created_at, updated_at, modelo_id, tamanho_id) VALUES(true, now(), now(), 2, 1);
INSERT INTO tamanho_modelo (ativo, created_at, updated_at, modelo_id, tamanho_id) VALUES(true, now(), now(), 2, 2);
INSERT INTO tamanho_modelo (ativo, created_at, updated_at, modelo_id, tamanho_id) VALUES(true, now(), now(), 2, 3);
INSERT INTO tamanho_modelo (ativo, created_at, updated_at, modelo_id, tamanho_id) VALUES(true, now(), now(), 2, 4);
INSERT INTO tamanho_modelo (ativo, created_at, updated_at, modelo_id, tamanho_id) VALUES(true, now(), now(), 2, 5);
INSERT INTO tamanho_modelo (ativo, created_at, updated_at, modelo_id, tamanho_id) VALUES(true, now(), now(), 4, 6);
INSERT INTO tamanho_modelo (ativo, created_at, updated_at, modelo_id, tamanho_id) VALUES(true, now(), now(), 4, 7);
INSERT INTO tamanho_modelo (ativo, created_at, updated_at, modelo_id, tamanho_id) VALUES(true, now(), now(), 4, 8);
INSERT INTO tamanho_modelo (ativo, created_at, updated_at, modelo_id, tamanho_id) VALUES(true, now(), now(), 4, 9);
INSERT INTO tamanho_modelo (ativo, created_at, updated_at, modelo_id, tamanho_id) VALUES(true, now(), now(), 4, 10);
INSERT INTO tamanho_modelo (ativo, created_at, updated_at, modelo_id, tamanho_id) VALUES(true, now(), now(), 4, 11);
INSERT INTO tamanho_modelo (ativo, created_at, updated_at, modelo_id, tamanho_id) VALUES(true, now(), now(), 4, 12);


INSERT INTO status (descricao, created_at, updated_at, visivel_cliente) VALUES('Pedido Recebido', now(), now(), true);
INSERT INTO status (descricao, created_at, updated_at, visivel_cliente) VALUES('Pedido Pago', now(), now(), true);
INSERT INTO status (descricao, created_at, updated_at, visivel_cliente) VALUES('Pedido em produção', now(), now(), true);
INSERT INTO status (descricao, created_at, updated_at, visivel_cliente) VALUES('Pedido em rota de entrega', now(), now(), true);
INSERT INTO status (descricao, created_at, updated_at, visivel_cliente) VALUES('Pedido entregue', now(), now(), true);
INSERT INTO status (descricao, created_at, updated_at, visivel_cliente) VALUES('Aguardando pagamento', now(), now(), true);
INSERT INTO status (descricao, created_at, updated_at, visivel_cliente) VALUES('Pedido Cancelado', now(), now(), true);

INSERT INTO subcategoria (id, nome, slug, created_at, updated_at, icone_fontawesome, ativo) VALUES(2, 'Banda / Cantores', 'banda-cantores', now(), now(), 'microphone-alt', false);
INSERT INTO subcategoria (id, nome, slug, created_at, updated_at, icone_fontawesome, ativo) VALUES(5, 'Religião', 'religiao', now(), now(), 'church', false);
INSERT INTO subcategoria (id, nome, slug, created_at, updated_at, icone_fontawesome, ativo) VALUES(6, 'Bebidas / Comidas', 'bebidas-comidas', now(), now(), 'hamburger', false);
INSERT INTO subcategoria (id, nome, slug, created_at, updated_at, icone_fontawesome, ativo) VALUES(7, 'Automoveis', 'automoveis', now(), now(), 'car', false);
INSERT INTO subcategoria (id, nome, slug, created_at, updated_at, icone_fontawesome, ativo) VALUES(8, 'Universo / Espaço', 'universo-espaco', now(), now(), 'rocket', false);
INSERT INTO subcategoria (id, nome, slug, created_at, updated_at, icone_fontawesome, ativo) VALUES(9, 'Redes Sociais', 'redes-sociais', now(), now(), 'laptop', false);
INSERT INTO subcategoria (id, nome, slug, created_at, updated_at, icone_fontawesome, ativo) VALUES(11, 'Frases', 'frases', now(), now(), 'quote-right', true);
INSERT INTO subcategoria (id, nome, slug, created_at, updated_at, icone_fontawesome, ativo) VALUES(3, 'Filmes', 'filmes', now(), now(), 'video', true);
INSERT INTO subcategoria (id, nome, slug, created_at, updated_at, icone_fontawesome, ativo) VALUES(10, 'Vídeo Game', 'video-game', now(), now(), 'gamepad', true);
INSERT INTO subcategoria (id, nome, slug, created_at, updated_at, icone_fontawesome, ativo) VALUES(12, 'Rostos', 'rostos', now(), now(), 'smile', true);
INSERT INTO subcategoria (id, nome, slug, created_at, updated_at, icone_fontawesome, ativo) VALUES(4, 'Times de Futebol', 'times-de-futebol', now(), now(), 'futbol', true);
INSERT INTO subcategoria (id, nome, slug, created_at, updated_at, icone_fontawesome, ativo) VALUES(1, 'Programação', 'programacao', now(), now(), 'laptop-code', true);
INSERT INTO subcategoria (id, nome, slug, created_at, updated_at, icone_fontawesome, ativo) VALUES(13, 'Profissões', 'profissoes', now(), now(), 'briefcase', true);

INSERT INTO sku_dimona (sku, nome, cor, tamanho, created_at, updated_at, estilo_id) VALUES('10110110108', 'Dimona Quality', 'Branco', 'P', now(), now(), 1);
INSERT INTO sku_dimona (sku, nome, cor, tamanho, created_at, updated_at, estilo_id) VALUES('10110110109', 'Dimona Quality', 'Branco', 'M', now(), now(), 1);
INSERT INTO sku_dimona (sku, nome, cor, tamanho, created_at, updated_at, estilo_id) VALUES('10110110110', 'Dimona Quality', 'Branco', 'G', now(), now(), 1);
INSERT INTO sku_dimona (sku, nome, cor, tamanho, created_at, updated_at, estilo_id) VALUES('10110110111', 'Dimona Quality', 'Branco', 'GG', now(), now(), 1);
INSERT INTO sku_dimona (sku, nome, cor, tamanho, created_at, updated_at, estilo_id) VALUES('10110110112', 'Dimona Quality', 'Branco', 'XGG', now(), now(), 1);
INSERT INTO sku_dimona (sku, nome, cor, tamanho, created_at, updated_at, estilo_id) VALUES('010110110115', 'Dimona Quality', 'Branco', 'G1', now(), now(), 1);
INSERT INTO sku_dimona (sku, nome, cor, tamanho, created_at, updated_at, estilo_id) VALUES('010110110116', 'Dimona Quality', 'Branco', 'G2', now(), now(), 1);
INSERT INTO sku_dimona (sku, nome, cor, tamanho, created_at, updated_at, estilo_id) VALUES('010110110117', 'Dimona Quality', 'Branco', 'G3', now(), now(), 1);
INSERT INTO sku_dimona (sku, nome, cor, tamanho, created_at, updated_at, estilo_id) VALUES('010110110118', 'Dimona Quality', 'Branco', 'G4', now(), now(), 1);
INSERT INTO sku_dimona (sku, nome, cor, tamanho, created_at, updated_at, estilo_id) VALUES('10110118308', 'Dimona Quality', 'Preto', 'P', now(), now(), 1);
INSERT INTO sku_dimona (sku, nome, cor, tamanho, created_at, updated_at, estilo_id) VALUES('10110118309', 'Dimona Quality', 'Preto', 'M', now(), now(), 1);
INSERT INTO sku_dimona (sku, nome, cor, tamanho, created_at, updated_at, estilo_id) VALUES('10110118310', 'Dimona Quality', 'Preto', 'G', now(), now(), 1);
INSERT INTO sku_dimona (sku, nome, cor, tamanho, created_at, updated_at, estilo_id) VALUES('10110118311', 'Dimona Quality', 'Preto', 'GG', now(), now(), 1);
INSERT INTO sku_dimona (sku, nome, cor, tamanho, created_at, updated_at, estilo_id) VALUES('10110118312', 'Dimona Quality', 'Preto', 'XGG', now(), now(), 1);
INSERT INTO sku_dimona (sku, nome, cor, tamanho, created_at, updated_at, estilo_id) VALUES('010110118315', 'Dimona Quality', 'Preto', 'G1', now(), now(), 1);
INSERT INTO sku_dimona (sku, nome, cor, tamanho, created_at, updated_at, estilo_id) VALUES('010110118316', 'Dimona Quality', 'Preto', 'G2', now(), now(), 1);
INSERT INTO sku_dimona (sku, nome, cor, tamanho, created_at, updated_at, estilo_id) VALUES('010110118317', 'Dimona Quality', 'Preto', 'G3', now(), now(), 1);
INSERT INTO sku_dimona (sku, nome, cor, tamanho, created_at, updated_at, estilo_id) VALUES('010110118318', 'Dimona Quality', 'Preto', 'G4', now(), now(), 1);
INSERT INTO sku_dimona (sku, nome, cor, tamanho, created_at, updated_at, estilo_id) VALUES('10110113708', 'Dimona Quality', 'Azul Marinho', 'P', now(), now(), 1);
INSERT INTO sku_dimona (sku, nome, cor, tamanho, created_at, updated_at, estilo_id) VALUES('10110113709', 'Dimona Quality', 'Azul Marinho', 'M', now(), now(), 1);
INSERT INTO sku_dimona (sku, nome, cor, tamanho, created_at, updated_at, estilo_id) VALUES('10110113710', 'Dimona Quality', 'Azul Marinho', 'G', now(), now(), 1);
INSERT INTO sku_dimona (sku, nome, cor, tamanho, created_at, updated_at, estilo_id) VALUES('10110113711', 'Dimona Quality', 'Azul Marinho', 'GG', now(), now(), 1);
INSERT INTO sku_dimona (sku, nome, cor, tamanho, created_at, updated_at, estilo_id) VALUES('10110113712', 'Dimona Quality', 'Azul Marinho', 'XGG', now(), now(), 1);
INSERT INTO sku_dimona (sku, nome, cor, tamanho, created_at, updated_at, estilo_id) VALUES('010110113715', 'Dimona Quality', 'Azul Marinho', 'G1', now(), now(), 1);
INSERT INTO sku_dimona (sku, nome, cor, tamanho, created_at, updated_at, estilo_id) VALUES('010110113716', 'Dimona Quality', 'Azul Marinho', 'G2', now(), now(), 1);
INSERT INTO sku_dimona (sku, nome, cor, tamanho, created_at, updated_at, estilo_id) VALUES('010110113717', 'Dimona Quality', 'Azul Marinho', 'G3', now(), now(), 1);
INSERT INTO sku_dimona (sku, nome, cor, tamanho, created_at, updated_at, estilo_id) VALUES('010110113718', 'Dimona Quality', 'Azul Marinho', 'G4', now(), now(), 1);
INSERT INTO sku_dimona (sku, nome, cor, tamanho, created_at, updated_at, estilo_id) VALUES('10110112708', 'Dimona Quality', 'Laranja', 'P', now(), now(), 1);
INSERT INTO sku_dimona (sku, nome, cor, tamanho, created_at, updated_at, estilo_id) VALUES('10110112709', 'Dimona Quality', 'Laranja', 'M', now(), now(), 1);
INSERT INTO sku_dimona (sku, nome, cor, tamanho, created_at, updated_at, estilo_id) VALUES('10110112710', 'Dimona Quality', 'Laranja', 'G', now(), now(), 1);
INSERT INTO sku_dimona (sku, nome, cor, tamanho, created_at, updated_at, estilo_id) VALUES('10110112711', 'Dimona Quality', 'Laranja', 'GG', now(), now(), 1);
INSERT INTO sku_dimona (sku, nome, cor, tamanho, created_at, updated_at, estilo_id) VALUES('10110112712', 'Dimona Quality', 'Laranja', 'XGG', now(), now(), 1);
INSERT INTO sku_dimona (sku, nome, cor, tamanho, created_at, updated_at, estilo_id) VALUES('10110114808', 'Dimona Quality', 'Verde Bandeira', 'P', now(), now(), 1);
INSERT INTO sku_dimona (sku, nome, cor, tamanho, created_at, updated_at, estilo_id) VALUES('10110114809', 'Dimona Quality', 'Verde Bandeira', 'M', now(), now(), 1);
INSERT INTO sku_dimona (sku, nome, cor, tamanho, created_at, updated_at, estilo_id) VALUES('10110114810', 'Dimona Quality', 'Verde Bandeira', 'G', now(), now(), 1);
INSERT INTO sku_dimona (sku, nome, cor, tamanho, created_at, updated_at, estilo_id) VALUES('10110114811', 'Dimona Quality', 'Verde Bandeira', 'GG', now(), now(), 1);
INSERT INTO sku_dimona (sku, nome, cor, tamanho, created_at, updated_at, estilo_id) VALUES('10110114812', 'Dimona Quality', 'Verde Bandeira', 'XGG', now(), now(), 1);
INSERT INTO sku_dimona (sku, nome, cor, tamanho, created_at, updated_at, estilo_id) VALUES('10110112008', 'Dimona Quality', 'Vermelho', 'P', now(), now(), 1);
INSERT INTO sku_dimona (sku, nome, cor, tamanho, created_at, updated_at, estilo_id) VALUES('10110112009', 'Dimona Quality', 'Vermelho', 'M', now(), now(), 1);
INSERT INTO sku_dimona (sku, nome, cor, tamanho, created_at, updated_at, estilo_id) VALUES('10110112010', 'Dimona Quality', 'Vermelho', 'G', now(), now(), 1);
INSERT INTO sku_dimona (sku, nome, cor, tamanho, created_at, updated_at, estilo_id) VALUES('010110112011', 'Dimona Quality', 'Vermelho', 'GG', now(), now(), 1);
INSERT INTO sku_dimona (sku, nome, cor, tamanho, created_at, updated_at, estilo_id) VALUES('010110112012', 'Dimona Quality', 'Vermelho', 'XGG', now(), now(), 1);
INSERT INTO sku_dimona (sku, nome, cor, tamanho, created_at, updated_at, estilo_id) VALUES('010110111508', 'Dimona Quality', 'Amarelo Canário', 'P', now(), now(), 1);
INSERT INTO sku_dimona (sku, nome, cor, tamanho, created_at, updated_at, estilo_id) VALUES('010110111509', 'Dimona Quality', 'Amarelo Canário', 'M', now(), now(), 1);
INSERT INTO sku_dimona (sku, nome, cor, tamanho, created_at, updated_at, estilo_id) VALUES('010110111510', 'Dimona Quality', 'Amarelo Canário', 'G', now(), now(), 1);
INSERT INTO sku_dimona (sku, nome, cor, tamanho, created_at, updated_at, estilo_id) VALUES('010110111511', 'Dimona Quality', 'Amarelo Canário', 'GG', now(), now(), 1);
INSERT INTO sku_dimona (sku, nome, cor, tamanho, created_at, updated_at, estilo_id) VALUES('010110111512', 'Dimona Quality', 'Amarelo Canário', 'XGG', now(), now(), 1);
INSERT INTO sku_dimona (sku, nome, cor, tamanho, created_at, updated_at, estilo_id) VALUES('10110113608', 'Dimona Quality', 'Azul Royal', 'P', now(), now(), 1);
INSERT INTO sku_dimona (sku, nome, cor, tamanho, created_at, updated_at, estilo_id) VALUES('10110113609', 'Dimona Quality', 'Azul Royal', 'M', now(), now(), 1);
INSERT INTO sku_dimona (sku, nome, cor, tamanho, created_at, updated_at, estilo_id) VALUES('10110113610', 'Dimona Quality', 'Azul Royal', 'G', now(), now(), 1);
INSERT INTO sku_dimona (sku, nome, cor, tamanho, created_at, updated_at, estilo_id) VALUES('10110113611', 'Dimona Quality', 'Azul Royal', 'GG', now(), now(), 1);
INSERT INTO sku_dimona (sku, nome, cor, tamanho, created_at, updated_at, estilo_id) VALUES('10110113612', 'Dimona Quality', 'Azul Royal', 'XGG', now(), now(), 1);
INSERT INTO sku_dimona (sku, nome, cor, tamanho, created_at, updated_at, estilo_id) VALUES('10110119508', 'Dimona Quality', 'Rosa Pink', 'P', now(), now(), 1);
INSERT INTO sku_dimona (sku, nome, cor, tamanho, created_at, updated_at, estilo_id) VALUES('10110119509', 'Dimona Quality', 'Rosa Pink', 'M', now(), now(), 1);
INSERT INTO sku_dimona (sku, nome, cor, tamanho, created_at, updated_at, estilo_id) VALUES('10110119510', 'Dimona Quality', 'Rosa Pink', 'G', now(), now(), 1);
INSERT INTO sku_dimona (sku, nome, cor, tamanho, created_at, updated_at, estilo_id) VALUES('10110119511', 'Dimona Quality', 'Rosa Pink', 'GG', now(), now(), 1);
INSERT INTO sku_dimona (sku, nome, cor, tamanho, created_at, updated_at, estilo_id) VALUES('10110119512', 'Dimona Quality', 'Rosa Pink', 'XGG', now(), now(), 1);
INSERT INTO sku_dimona (sku, nome, cor, tamanho, created_at, updated_at, estilo_id) VALUES('010110111308', 'Dimona Quality', 'Azul Turquesa', 'P', now(), now(), 1);
INSERT INTO sku_dimona (sku, nome, cor, tamanho, created_at, updated_at, estilo_id) VALUES('010110111309', 'Dimona Quality', 'Azul Turquesa', 'M', now(), now(), 1);
INSERT INTO sku_dimona (sku, nome, cor, tamanho, created_at, updated_at, estilo_id) VALUES('010110111310', 'Dimona Quality', 'Azul Turquesa', 'G', now(), now(), 1);
INSERT INTO sku_dimona (sku, nome, cor, tamanho, created_at, updated_at, estilo_id) VALUES('010110111311', 'Dimona Quality', 'Azul Turquesa', 'GG', now(), now(), 1);
INSERT INTO sku_dimona (sku, nome, cor, tamanho, created_at, updated_at, estilo_id) VALUES('010110111312', 'Dimona Quality', 'Azul Turquesa', 'XGG', now(), now(), 1);
INSERT INTO sku_dimona (sku, nome, cor, tamanho, created_at, updated_at, estilo_id) VALUES('010110119608', 'Dimona Quality', 'Vinho', 'P', now(), now(), 1);
INSERT INTO sku_dimona (sku, nome, cor, tamanho, created_at, updated_at, estilo_id) VALUES('010110119609', 'Dimona Quality', 'Vinho', 'M', now(), now(), 1);
INSERT INTO sku_dimona (sku, nome, cor, tamanho, created_at, updated_at, estilo_id) VALUES('010110119610', 'Dimona Quality', 'Vinho', 'G', now(), now(), 1);
INSERT INTO sku_dimona (sku, nome, cor, tamanho, created_at, updated_at, estilo_id) VALUES('010110119611', 'Dimona Quality', 'Vinho', 'GG', now(), now(), 1);
INSERT INTO sku_dimona (sku, nome, cor, tamanho, created_at, updated_at, estilo_id) VALUES('010110119612', 'Dimona Quality', 'Vinho', 'XGG', now(), now(), 1);
INSERT INTO sku_dimona (sku, nome, cor, tamanho, created_at, updated_at, estilo_id) VALUES('010110119708', 'Dimona Quality', 'Cinza Chumbo', 'P', now(), now(), 1);
INSERT INTO sku_dimona (sku, nome, cor, tamanho, created_at, updated_at, estilo_id) VALUES('010110119709', 'Dimona Quality', 'Cinza Chumbo', 'M', now(), now(), 1);
INSERT INTO sku_dimona (sku, nome, cor, tamanho, created_at, updated_at, estilo_id) VALUES('010110119710', 'Dimona Quality', 'Cinza Chumbo', 'G', now(), now(), 1);
INSERT INTO sku_dimona (sku, nome, cor, tamanho, created_at, updated_at, estilo_id) VALUES('010110119711', 'Dimona Quality', 'Cinza Chumbo', 'GG', now(), now(), 1);
INSERT INTO sku_dimona (sku, nome, cor, tamanho, created_at, updated_at, estilo_id) VALUES('010110119712', 'Dimona Quality', 'Cinza Chumbo', 'XGG', now(), now(), 1);
INSERT INTO sku_dimona (sku, nome, cor, tamanho, created_at, updated_at, estilo_id) VALUES('10110110208', 'Dimona Quality', 'Cinza Mescla', 'P', now(), now(), 1);
INSERT INTO sku_dimona (sku, nome, cor, tamanho, created_at, updated_at, estilo_id) VALUES('10110110209', 'Dimona Quality', 'Cinza Mescla', 'M', now(), now(), 1);
INSERT INTO sku_dimona (sku, nome, cor, tamanho, created_at, updated_at, estilo_id) VALUES('10110110210', 'Dimona Quality', 'Cinza Mescla', 'G', now(), now(), 1);
INSERT INTO sku_dimona (sku, nome, cor, tamanho, created_at, updated_at, estilo_id) VALUES('10110110211', 'Dimona Quality', 'Cinza Mescla', 'GG', now(), now(), 1);
INSERT INTO sku_dimona (sku, nome, cor, tamanho, created_at, updated_at, estilo_id) VALUES('10110110212', 'Dimona Quality', 'Cinza Mescla', 'XGG', now(), now(), 1);
INSERT INTO sku_dimona (sku, nome, cor, tamanho, created_at, updated_at, estilo_id) VALUES('010110110215', 'Dimona Quality', 'Cinza Mescla', 'G1', now(), now(), 1);
INSERT INTO sku_dimona (sku, nome, cor, tamanho, created_at, updated_at, estilo_id) VALUES('010110110216', 'Dimona Quality', 'Cinza Mescla', 'G2', now(), now(), 1);
INSERT INTO sku_dimona (sku, nome, cor, tamanho, created_at, updated_at, estilo_id) VALUES('010110110217', 'Dimona Quality', 'Cinza Mescla', 'G3', now(), now(), 1);
INSERT INTO sku_dimona (sku, nome, cor, tamanho, created_at, updated_at, estilo_id) VALUES('010110110218', 'Dimona Quality', 'Cinza Mescla', 'G4', now(), now(), 1);
INSERT INTO sku_dimona (sku, nome, cor, tamanho, created_at, updated_at, estilo_id) VALUES('11136110108', 'Cropped Quality', 'Branco', 'P', now(), now(), 3);
INSERT INTO sku_dimona (sku, nome, cor, tamanho, created_at, updated_at, estilo_id) VALUES('11136110109', 'Cropped Quality', 'Branco', 'M', now(), now(), 3);
INSERT INTO sku_dimona (sku, nome, cor, tamanho, created_at, updated_at, estilo_id) VALUES('11136110110', 'Cropped Quality', 'Branco', 'G', now(), now(), 3);
INSERT INTO sku_dimona (sku, nome, cor, tamanho, created_at, updated_at, estilo_id) VALUES('11136110111', 'Cropped Quality', 'Branco', 'GG', now(), now(), 3);
INSERT INTO sku_dimona (sku, nome, cor, tamanho, created_at, updated_at, estilo_id) VALUES('11910118308', 'Cropped Quality', 'Preto', 'P', now(), now(), 3);
INSERT INTO sku_dimona (sku, nome, cor, tamanho, created_at, updated_at, estilo_id) VALUES('11910118309', 'Cropped Quality', 'Preto', 'M', now(), now(), 3);
INSERT INTO sku_dimona (sku, nome, cor, tamanho, created_at, updated_at, estilo_id) VALUES('11910118310', 'Cropped Quality', 'Preto', 'G', now(), now(), 3);
INSERT INTO sku_dimona (sku, nome, cor, tamanho, created_at, updated_at, estilo_id) VALUES('11910118311', 'Cropped Quality', 'Preto', 'GG', now(), now(), 3);
INSERT INTO sku_dimona (sku, nome, cor, tamanho, created_at, updated_at, estilo_id) VALUES('10522110108', 'Dimona Quality', 'Branco', 'P', now(), now(), 2);
INSERT INTO sku_dimona (sku, nome, cor, tamanho, created_at, updated_at, estilo_id) VALUES('10522110109', 'Dimona Quality', 'Branco', 'M', now(), now(), 2);
INSERT INTO sku_dimona (sku, nome, cor, tamanho, created_at, updated_at, estilo_id) VALUES('10522110110', 'Dimona Quality', 'Branco', 'G', now(), now(), 2);
INSERT INTO sku_dimona (sku, nome, cor, tamanho, created_at, updated_at, estilo_id) VALUES('10522110111', 'Dimona Quality', 'Branco', 'GG', now(), now(), 2);
INSERT INTO sku_dimona (sku, nome, cor, tamanho, created_at, updated_at, estilo_id) VALUES('10522118308', 'Dimona Quality', 'Preto', 'P', now(), now(), 2);
INSERT INTO sku_dimona (sku, nome, cor, tamanho, created_at, updated_at, estilo_id) VALUES('10522118309', 'Dimona Quality', 'Preto', 'M', now(), now(), 2);
INSERT INTO sku_dimona (sku, nome, cor, tamanho, created_at, updated_at, estilo_id) VALUES('10522118310', 'Dimona Quality', 'Preto', 'G', now(), now(), 2);
INSERT INTO sku_dimona (sku, nome, cor, tamanho, created_at, updated_at, estilo_id) VALUES('10522118311', 'Dimona Quality', 'Preto', 'GG', now(), now(), 2);
INSERT INTO sku_dimona (sku, nome, cor, tamanho, created_at, updated_at, estilo_id) VALUES('10522113708', 'Dimona Quality', 'Azul Marinho', 'P', now(), now(), 2);
INSERT INTO sku_dimona (sku, nome, cor, tamanho, created_at, updated_at, estilo_id) VALUES('10522113709', 'Dimona Quality', 'Azul Marinho', 'M', now(), now(), 2);
INSERT INTO sku_dimona (sku, nome, cor, tamanho, created_at, updated_at, estilo_id) VALUES('10522113710', 'Dimona Quality', 'Azul Marinho', 'G', now(), now(), 2);
INSERT INTO sku_dimona (sku, nome, cor, tamanho, created_at, updated_at, estilo_id) VALUES('10522113711', 'Dimona Quality', 'Azul Marinho', 'GG', now(), now(), 2);
INSERT INTO sku_dimona (sku, nome, cor, tamanho, created_at, updated_at, estilo_id) VALUES('010522117008', 'Dimona Quality', 'Roxo', 'P', now(), now(), 2);
INSERT INTO sku_dimona (sku, nome, cor, tamanho, created_at, updated_at, estilo_id) VALUES('010522117009', 'Dimona Quality', 'Roxo', 'M', now(), now(), 2);
INSERT INTO sku_dimona (sku, nome, cor, tamanho, created_at, updated_at, estilo_id) VALUES('010522117010', 'Dimona Quality', 'Roxo', 'G', now(), now(), 2);
INSERT INTO sku_dimona (sku, nome, cor, tamanho, created_at, updated_at, estilo_id) VALUES('010522117011', 'Dimona Quality', 'Roxo', 'GG', now(), now(), 2);
INSERT INTO sku_dimona (sku, nome, cor, tamanho, created_at, updated_at, estilo_id) VALUES('10522112708', 'Dimona Quality', 'Laranja', 'P', now(), now(), 2);
INSERT INTO sku_dimona (sku, nome, cor, tamanho, created_at, updated_at, estilo_id) VALUES('10522112709', 'Dimona Quality', 'Laranja', 'M', now(), now(), 2);
INSERT INTO sku_dimona (sku, nome, cor, tamanho, created_at, updated_at, estilo_id) VALUES('10522112710', 'Dimona Quality', 'Laranja', 'G', now(), now(), 2);
INSERT INTO sku_dimona (sku, nome, cor, tamanho, created_at, updated_at, estilo_id) VALUES('10522112711', 'Dimona Quality', 'Laranja', 'GG', now(), now(), 2);
INSERT INTO sku_dimona (sku, nome, cor, tamanho, created_at, updated_at, estilo_id) VALUES('010501113508', 'Dimona Quality', 'Azul Turquesa', 'P', now(), now(), 2);
INSERT INTO sku_dimona (sku, nome, cor, tamanho, created_at, updated_at, estilo_id) VALUES('010501113509', 'Dimona Quality', 'Azul Turquesa', 'M', now(), now(), 2);
INSERT INTO sku_dimona (sku, nome, cor, tamanho, created_at, updated_at, estilo_id) VALUES('010501113510', 'Dimona Quality', 'Azul Turquesa', 'G', now(), now(), 2);
INSERT INTO sku_dimona (sku, nome, cor, tamanho, created_at, updated_at, estilo_id) VALUES('010501113511', 'Dimona Quality', 'Azul Turquesa', 'GG', now(), now(), 2);
INSERT INTO sku_dimona (sku, nome, cor, tamanho, created_at, updated_at, estilo_id) VALUES('10522112008', 'Dimona Quality', 'Vermelho', 'P', now(), now(), 2);
INSERT INTO sku_dimona (sku, nome, cor, tamanho, created_at, updated_at, estilo_id) VALUES('10522112009', 'Dimona Quality', 'Vermelho', 'M', now(), now(), 2);
INSERT INTO sku_dimona (sku, nome, cor, tamanho, created_at, updated_at, estilo_id) VALUES('10522112010', 'Dimona Quality', 'Vermelho', 'G', now(), now(), 2);
INSERT INTO sku_dimona (sku, nome, cor, tamanho, created_at, updated_at, estilo_id) VALUES('10522112011', 'Dimona Quality', 'Vermelho', 'GG', now(), now(), 2);
INSERT INTO sku_dimona (sku, nome, cor, tamanho, created_at, updated_at, estilo_id) VALUES('10522111508', 'Dimona Quality', 'Amarelo Canário', 'P', now(), now(), 2);
INSERT INTO sku_dimona (sku, nome, cor, tamanho, created_at, updated_at, estilo_id) VALUES('10522111509', 'Dimona Quality', 'Amarelo Canário', 'M', now(), now(), 2);
INSERT INTO sku_dimona (sku, nome, cor, tamanho, created_at, updated_at, estilo_id) VALUES('10522111510', 'Dimona Quality', 'Amarelo Canário', 'G', now(), now(), 2);
INSERT INTO sku_dimona (sku, nome, cor, tamanho, created_at, updated_at, estilo_id) VALUES('10522111511', 'Dimona Quality', 'Amarelo Canário', 'GG', now(), now(), 2);
INSERT INTO sku_dimona (sku, nome, cor, tamanho, created_at, updated_at, estilo_id) VALUES('10522113608', 'Dimona Quality', 'Azul Royal', 'P', now(), now(), 2);
INSERT INTO sku_dimona (sku, nome, cor, tamanho, created_at, updated_at, estilo_id) VALUES('10522113609', 'Dimona Quality', 'Azul Royal', 'M', now(), now(), 2);
INSERT INTO sku_dimona (sku, nome, cor, tamanho, created_at, updated_at, estilo_id) VALUES('10522113610', 'Dimona Quality', 'Azul Royal', 'G', now(), now(), 2);
INSERT INTO sku_dimona (sku, nome, cor, tamanho, created_at, updated_at, estilo_id) VALUES('10522113611', 'Dimona Quality', 'Azul Royal', 'GG', now(), now(), 2);
INSERT INTO sku_dimona (sku, nome, cor, tamanho, created_at, updated_at, estilo_id) VALUES('10522119508', 'Dimona Quality', 'Rosa Pink', 'P', now(), now(), 2);
INSERT INTO sku_dimona (sku, nome, cor, tamanho, created_at, updated_at, estilo_id) VALUES('10522119509', 'Dimona Quality', 'Rosa Pink', 'M', now(), now(), 2);
INSERT INTO sku_dimona (sku, nome, cor, tamanho, created_at, updated_at, estilo_id) VALUES('10522119510', 'Dimona Quality', 'Rosa Pink', 'G', now(), now(), 2);
INSERT INTO sku_dimona (sku, nome, cor, tamanho, created_at, updated_at, estilo_id) VALUES('10522119511', 'Dimona Quality', 'Rosa Pink', 'GG', now(), now(), 2);
INSERT INTO sku_dimona (sku, nome, cor, tamanho, created_at, updated_at, estilo_id) VALUES('010501110208', 'Dimona Quality', 'Cinza Mescla', 'P', now(), now(), 2);
INSERT INTO sku_dimona (sku, nome, cor, tamanho, created_at, updated_at, estilo_id) VALUES('010501110209', 'Dimona Quality', 'Cinza Mescla', 'M', now(), now(), 2);
INSERT INTO sku_dimona (sku, nome, cor, tamanho, created_at, updated_at, estilo_id) VALUES('010522110210', 'Dimona Quality', 'Cinza Mescla', 'G', now(), now(), 2);
INSERT INTO sku_dimona (sku, nome, cor, tamanho, created_at, updated_at, estilo_id) VALUES('010501110211', 'Dimona Quality', 'Cinza Mescla', 'GG', now(), now(), 2);
INSERT INTO sku_dimona (sku, nome, cor, tamanho, created_at, updated_at, estilo_id) VALUES('10101110101', 'Classic Infantil', 'Branco', 'Tamanho 2', now(), now(), 4);
INSERT INTO sku_dimona (sku, nome, cor, tamanho, created_at, updated_at, estilo_id) VALUES('10101110102', 'Classic Infantil', 'Branco', 'Tamanho 4', now(), now(), 4);
INSERT INTO sku_dimona (sku, nome, cor, tamanho, created_at, updated_at, estilo_id) VALUES('10101110103', 'Classic Infantil', 'Branco', 'Tamanho 6', now(), now(), 4);
INSERT INTO sku_dimona (sku, nome, cor, tamanho, created_at, updated_at, estilo_id) VALUES('10101110104', 'Classic Infantil', 'Branco', 'Tamanho 8', now(), now(), 4);
INSERT INTO sku_dimona (sku, nome, cor, tamanho, created_at, updated_at, estilo_id) VALUES('10101110105', 'Classic Infantil', 'Branco', 'Tamanho 10', now(), now(), 4);
INSERT INTO sku_dimona (sku, nome, cor, tamanho, created_at, updated_at, estilo_id) VALUES('10101110106', 'Classic Infantil', 'Branco', 'Tamanho 12', now(), now(), 4);
INSERT INTO sku_dimona (sku, nome, cor, tamanho, created_at, updated_at, estilo_id) VALUES('10101110107', 'Classic Infantil', 'Branco', 'Tamanho 14', now(), now(), 4);
INSERT INTO sku_dimona (sku, nome, cor, tamanho, created_at, updated_at, estilo_id) VALUES('10101118301', 'Classic Infantil', 'Preto', 'Tamanho 2', now(), now(), 4);
INSERT INTO sku_dimona (sku, nome, cor, tamanho, created_at, updated_at, estilo_id) VALUES('10101118302', 'Classic Infantil', 'Preto', 'Tamanho 4', now(), now(), 4);
INSERT INTO sku_dimona (sku, nome, cor, tamanho, created_at, updated_at, estilo_id) VALUES('10101118303', 'Classic Infantil', 'Preto', 'Tamanho 6', now(), now(), 4);
INSERT INTO sku_dimona (sku, nome, cor, tamanho, created_at, updated_at, estilo_id) VALUES('10101118304', 'Classic Infantil', 'Preto', 'Tamanho 8', now(), now(), 4);
INSERT INTO sku_dimona (sku, nome, cor, tamanho, created_at, updated_at, estilo_id) VALUES('10101118305', 'Classic Infantil', 'Preto', 'Tamanho 10', now(), now(), 4);
INSERT INTO sku_dimona (sku, nome, cor, tamanho, created_at, updated_at, estilo_id) VALUES('10101118306', 'Classic Infantil', 'Preto', 'Tamanho 12', now(), now(), 4);
INSERT INTO sku_dimona (sku, nome, cor, tamanho, created_at, updated_at, estilo_id) VALUES('10101118307', 'Classic Infantil', 'Preto', 'Tamanho 14', now(), now(), 4);
INSERT INTO sku_dimona (sku, nome, cor, tamanho, created_at, updated_at, estilo_id) VALUES('10301113701', 'Classic Infantil', 'Azul Marinho', 'Tamanho 2', now(), now(), 4);
INSERT INTO sku_dimona (sku, nome, cor, tamanho, created_at, updated_at, estilo_id) VALUES('10301113702', 'Classic Infantil', 'Azul Marinho', 'Tamanho 4', now(), now(), 4);
INSERT INTO sku_dimona (sku, nome, cor, tamanho, created_at, updated_at, estilo_id) VALUES('10301113703', 'Classic Infantil', 'Azul Marinho', 'Tamanho 6', now(), now(), 4);
INSERT INTO sku_dimona (sku, nome, cor, tamanho, created_at, updated_at, estilo_id) VALUES('10301113704', 'Classic Infantil', 'Azul Marinho', 'Tamanho 8', now(), now(), 4);
INSERT INTO sku_dimona (sku, nome, cor, tamanho, created_at, updated_at, estilo_id) VALUES('10301113705', 'Classic Infantil', 'Azul Marinho', 'Tamanho 10', now(), now(), 4);
INSERT INTO sku_dimona (sku, nome, cor, tamanho, created_at, updated_at, estilo_id) VALUES('10301113706', 'Classic Infantil', 'Azul Marinho', 'Tamanho 12', now(), now(), 4);
INSERT INTO sku_dimona (sku, nome, cor, tamanho, created_at, updated_at, estilo_id) VALUES('10301113707', 'Classic Infantil', 'Azul Marinho', 'Tamanho 14', now(), now(), 4);
INSERT INTO sku_dimona (sku, nome, cor, tamanho, created_at, updated_at, estilo_id) VALUES('10101112001', 'Classic Infantil', 'Vermelho', 'Tamanho 2', now(), now(), 4);
INSERT INTO sku_dimona (sku, nome, cor, tamanho, created_at, updated_at, estilo_id) VALUES('10101112002', 'Classic Infantil', 'Vermelho', 'Tamanho 4', now(), now(), 4);
INSERT INTO sku_dimona (sku, nome, cor, tamanho, created_at, updated_at, estilo_id) VALUES('10101112003', 'Classic Infantil', 'Vermelho', 'Tamanho 6', now(), now(), 4);
INSERT INTO sku_dimona (sku, nome, cor, tamanho, created_at, updated_at, estilo_id) VALUES('10101112004', 'Classic Infantil', 'Vermelho', 'Tamanho 8', now(), now(), 4);
INSERT INTO sku_dimona (sku, nome, cor, tamanho, created_at, updated_at, estilo_id) VALUES('10101112005', 'Classic Infantil', 'Vermelho', 'Tamanho 10', now(), now(), 4);
INSERT INTO sku_dimona (sku, nome, cor, tamanho, created_at, updated_at, estilo_id) VALUES('10101112006', 'Classic Infantil', 'Vermelho', 'Tamanho 12', now(), now(), 4);
INSERT INTO sku_dimona (sku, nome, cor, tamanho, created_at, updated_at, estilo_id) VALUES('10101112007', 'Classic Infantil', 'Vermelho', 'Tamanho 14', now(), now(), 4);
INSERT INTO sku_dimona (sku, nome, cor, tamanho, created_at, updated_at, estilo_id) VALUES('10101110701', 'Classic Infantil', 'Verde Bandeira', 'Tamanho 2', now(), now(), 4);
INSERT INTO sku_dimona (sku, nome, cor, tamanho, created_at, updated_at, estilo_id) VALUES('10101110702', 'Classic Infantil', 'Verde Bandeira', 'Tamanho 4', now(), now(), 4);
INSERT INTO sku_dimona (sku, nome, cor, tamanho, created_at, updated_at, estilo_id) VALUES('10101110703', 'Classic Infantil', 'Verde Bandeira', 'Tamanho 6', now(), now(), 4);
INSERT INTO sku_dimona (sku, nome, cor, tamanho, created_at, updated_at, estilo_id) VALUES('10101110704', 'Classic Infantil', 'Verde Bandeira', 'Tamanho 8', now(), now(), 4);
INSERT INTO sku_dimona (sku, nome, cor, tamanho, created_at, updated_at, estilo_id) VALUES('10101110705', 'Classic Infantil', 'Verde Bandeira', 'Tamanho 10', now(), now(), 4);
INSERT INTO sku_dimona (sku, nome, cor, tamanho, created_at, updated_at, estilo_id) VALUES('10101110706', 'Classic Infantil', 'Verde Bandeira', 'Tamanho 12', now(), now(), 4);
INSERT INTO sku_dimona (sku, nome, cor, tamanho, created_at, updated_at, estilo_id) VALUES('10101110707', 'Classic Infantil', 'Verde Bandeira', 'Tamanho 14', now(), now(), 4);
INSERT INTO sku_dimona (sku, nome, cor, tamanho, created_at, updated_at, estilo_id) VALUES('10101111401', 'Classic Infantil', 'Amarelo Canário', 'Tamanho 2', now(), now(), 4);
INSERT INTO sku_dimona (sku, nome, cor, tamanho, created_at, updated_at, estilo_id) VALUES('10101111402', 'Classic Infantil', 'Amarelo Canário', 'Tamanho 4', now(), now(), 4);
INSERT INTO sku_dimona (sku, nome, cor, tamanho, created_at, updated_at, estilo_id) VALUES('10101111403', 'Classic Infantil', 'Amarelo Canário', 'Tamanho 6', now(), now(), 4);
INSERT INTO sku_dimona (sku, nome, cor, tamanho, created_at, updated_at, estilo_id) VALUES('10101111404', 'Classic Infantil', 'Amarelo Canário', 'Tamanho 8', now(), now(), 4);
INSERT INTO sku_dimona (sku, nome, cor, tamanho, created_at, updated_at, estilo_id) VALUES('10101111405', 'Classic Infantil', 'Amarelo Canário', 'Tamanho 10', now(), now(), 4);
INSERT INTO sku_dimona (sku, nome, cor, tamanho, created_at, updated_at, estilo_id) VALUES('10101111406', 'Classic Infantil', 'Amarelo Canário', 'Tamanho 12', now(), now(), 4);
INSERT INTO sku_dimona (sku, nome, cor, tamanho, created_at, updated_at, estilo_id) VALUES('10101111407', 'Classic Infantil', 'Amarelo Canário', 'Tamanho 14', now(), now(), 4);
INSERT INTO sku_dimona (sku, nome, cor, tamanho, created_at, updated_at, estilo_id) VALUES('10101119501', 'Classic Infantil', 'Rosa Pink', 'Tamanho 2', now(), now(), 4);
INSERT INTO sku_dimona (sku, nome, cor, tamanho, created_at, updated_at, estilo_id) VALUES('10101119502', 'Classic Infantil', 'Rosa Pink', 'Tamanho 4', now(), now(), 4);
INSERT INTO sku_dimona (sku, nome, cor, tamanho, created_at, updated_at, estilo_id) VALUES('10101119503', 'Classic Infantil', 'Rosa Pink', 'Tamanho 6', now(), now(), 4);
INSERT INTO sku_dimona (sku, nome, cor, tamanho, created_at, updated_at, estilo_id) VALUES('10101119504', 'Classic Infantil', 'Rosa Pink', 'Tamanho 8', now(), now(), 4);
INSERT INTO sku_dimona (sku, nome, cor, tamanho, created_at, updated_at, estilo_id) VALUES('10101119505', 'Classic Infantil', 'Rosa Pink', 'Tamanho 10', now(), now(), 4);
INSERT INTO sku_dimona (sku, nome, cor, tamanho, created_at, updated_at, estilo_id) VALUES('10101119506', 'Classic Infantil', 'Rosa Pink', 'Tamanho 12', now(), now(), 4);
INSERT INTO sku_dimona (sku, nome, cor, tamanho, created_at, updated_at, estilo_id) VALUES('10101119507', 'Classic Infantil', 'Rosa Pink', 'Tamanho 14', now(), now(), 4);
INSERT INTO sku_dimona (sku, nome, cor, tamanho, created_at, updated_at, estilo_id) VALUES('10101113501', 'Classic Infantil', 'Rosa Bebê', 'Tamanho 2', now(), now(), 4);
INSERT INTO sku_dimona (sku, nome, cor, tamanho, created_at, updated_at, estilo_id) VALUES('10101113502', 'Classic Infantil', 'Rosa Bebê', 'Tamanho 4', now(), now(), 4);
INSERT INTO sku_dimona (sku, nome, cor, tamanho, created_at, updated_at, estilo_id) VALUES('10101113503', 'Classic Infantil', 'Rosa Bebê', 'Tamanho 6', now(), now(), 4);
INSERT INTO sku_dimona (sku, nome, cor, tamanho, created_at, updated_at, estilo_id) VALUES('10101113504', 'Classic Infantil', 'Rosa Bebê', 'Tamanho 8', now(), now(), 4);
INSERT INTO sku_dimona (sku, nome, cor, tamanho, created_at, updated_at, estilo_id) VALUES('10101113505', 'Classic Infantil', 'Rosa Bebê', 'Tamanho 10', now(), now(), 4);
INSERT INTO sku_dimona (sku, nome, cor, tamanho, created_at, updated_at, estilo_id) VALUES('10101113506', 'Classic Infantil', 'Rosa Bebê', 'Tamanho 12', now(), now(), 4);
INSERT INTO sku_dimona (sku, nome, cor, tamanho, created_at, updated_at, estilo_id) VALUES('10101113507', 'Classic Infantil', 'Rosa Bebê', 'Tamanho 14', now(), now(), 4);
INSERT INTO sku_dimona (sku, nome, cor, tamanho, created_at, updated_at, estilo_id) VALUES('10101111301', 'Classic Infantil', 'Azul Turquesa', 'Tamanho 2', now(), now(), 4);
INSERT INTO sku_dimona (sku, nome, cor, tamanho, created_at, updated_at, estilo_id) VALUES('10101111302', 'Classic Infantil', 'Azul Turquesa', 'Tamanho 4', now(), now(), 4);
INSERT INTO sku_dimona (sku, nome, cor, tamanho, created_at, updated_at, estilo_id) VALUES('10101111303', 'Classic Infantil', 'Azul Turquesa', 'Tamanho 6', now(), now(), 4);
INSERT INTO sku_dimona (sku, nome, cor, tamanho, created_at, updated_at, estilo_id) VALUES('10101111304', 'Classic Infantil', 'Azul Turquesa', 'Tamanho 8', now(), now(), 4);
INSERT INTO sku_dimona (sku, nome, cor, tamanho, created_at, updated_at, estilo_id) VALUES('10101111305', 'Classic Infantil', 'Azul Turquesa', 'Tamanho 10', now(), now(), 4);
INSERT INTO sku_dimona (sku, nome, cor, tamanho, created_at, updated_at, estilo_id) VALUES('10101111306', 'Classic Infantil', 'Azul Turquesa', 'Tamanho 12', now(), now(), 4);
INSERT INTO sku_dimona (sku, nome, cor, tamanho, created_at, updated_at, estilo_id) VALUES('10101111307', 'Classic Infantil', 'Azul Turquesa', 'Tamanho 14', now(), now(), 4);
INSERT INTO sku_dimona (sku, nome, cor, tamanho, created_at, updated_at, estilo_id) VALUES('10101110201', 'Classic Infantil', 'Cinza Mescla', 'Tamanho 2', now(), now(), 4);
INSERT INTO sku_dimona (sku, nome, cor, tamanho, created_at, updated_at, estilo_id) VALUES('10101110202', 'Classic Infantil', 'Cinza Mescla', 'Tamanho 4', now(), now(), 4);
INSERT INTO sku_dimona (sku, nome, cor, tamanho, created_at, updated_at, estilo_id) VALUES('10101110203', 'Classic Infantil', 'Cinza Mescla', 'Tamanho 6', now(), now(), 4);
INSERT INTO sku_dimona (sku, nome, cor, tamanho, created_at, updated_at, estilo_id) VALUES('10101110204', 'Classic Infantil', 'Cinza Mescla', 'Tamanho 8', now(), now(), 4);
INSERT INTO sku_dimona (sku, nome, cor, tamanho, created_at, updated_at, estilo_id) VALUES('10101110205', 'Classic Infantil', 'Cinza Mescla', 'Tamanho 10', now(), now(), 4);
INSERT INTO sku_dimona (sku, nome, cor, tamanho, created_at, updated_at, estilo_id) VALUES('10101110206', 'Classic Infantil', 'Cinza Mescla', 'Tamanho 12', now(), now(), 4);
INSERT INTO sku_dimona (sku, nome, cor, tamanho, created_at, updated_at, estilo_id) VALUES('10101110207', 'Classic Infantil', 'Cinza Mescla', 'Tamanho 14', now(), now(), 4);
INSERT INTO sku_dimona (sku, nome, cor, tamanho, created_at, updated_at, estilo_id) VALUES('10301112701', 'Classic Infantil', 'Laranja', 'Tamanho 2', now(), now(), 4);
INSERT INTO sku_dimona (sku, nome, cor, tamanho, created_at, updated_at, estilo_id) VALUES('10301112702', 'Classic Infantil', 'Laranja', 'Tamanho 4', now(), now(), 4);
INSERT INTO sku_dimona (sku, nome, cor, tamanho, created_at, updated_at, estilo_id) VALUES('10301112703', 'Classic Infantil', 'Laranja', 'Tamanho 6', now(), now(), 4);
INSERT INTO sku_dimona (sku, nome, cor, tamanho, created_at, updated_at, estilo_id) VALUES('10301112704', 'Classic Infantil', 'Laranja', 'Tamanho 8', now(), now(), 4);
INSERT INTO sku_dimona (sku, nome, cor, tamanho, created_at, updated_at, estilo_id) VALUES('10301112705', 'Classic Infantil', 'Laranja', 'Tamanho 10', now(), now(), 4);
INSERT INTO sku_dimona (sku, nome, cor, tamanho, created_at, updated_at, estilo_id) VALUES('10301112706', 'Classic Infantil', 'Laranja', 'Tamanho 12', now(), now(), 4);
INSERT INTO sku_dimona (sku, nome, cor, tamanho, created_at, updated_at, estilo_id) VALUES('10301112707', 'Classic Infantil', 'Laranja', 'Tamanho 14', now(), now(), 4);
INSERT INTO sku_dimona (sku, nome, cor, tamanho, created_at, updated_at, estilo_id) VALUES('10101113601', 'Classic Infantil', 'Azul Royal', 'Tamanho 2', now(), now(), 4);
INSERT INTO sku_dimona (sku, nome, cor, tamanho, created_at, updated_at, estilo_id) VALUES('10101113602', 'Classic Infantil', 'Azul Royal', 'Tamanho 4', now(), now(), 4);
INSERT INTO sku_dimona (sku, nome, cor, tamanho, created_at, updated_at, estilo_id) VALUES('10101113603', 'Classic Infantil', 'Azul Royal', 'Tamanho 6', now(), now(), 4);
INSERT INTO sku_dimona (sku, nome, cor, tamanho, created_at, updated_at, estilo_id) VALUES('10101113604', 'Classic Infantil', 'Azul Royal', 'Tamanho 8', now(), now(), 4);
INSERT INTO sku_dimona (sku, nome, cor, tamanho, created_at, updated_at, estilo_id) VALUES('10101113605', 'Classic Infantil', 'Azul Royal', 'Tamanho 10', now(), now(), 4);
INSERT INTO sku_dimona (sku, nome, cor, tamanho, created_at, updated_at, estilo_id) VALUES('10101113606', 'Classic Infantil', 'Azul Royal', 'Tamanho 12', now(), now(), 4);
INSERT INTO sku_dimona (sku, nome, cor, tamanho, created_at, updated_at, estilo_id) VALUES('10101113607', 'Classic Infantil', 'Azul Royal', 'Tamanho 14', now(), now(), 4);
INSERT INTO sku_dimona (sku, nome, cor, tamanho, created_at, updated_at, estilo_id) VALUES('10101111601', 'Classic Infantil', 'Amarelo Ouro', 'Tamanho 2', now(), now(), 4);
INSERT INTO sku_dimona (sku, nome, cor, tamanho, created_at, updated_at, estilo_id) VALUES('10101111602', 'Classic Infantil', 'Amarelo Ouro', 'Tamanho 4', now(), now(), 4);
INSERT INTO sku_dimona (sku, nome, cor, tamanho, created_at, updated_at, estilo_id) VALUES('10101111603', 'Classic Infantil', 'Amarelo Ouro', 'Tamanho 6', now(), now(), 4);
INSERT INTO sku_dimona (sku, nome, cor, tamanho, created_at, updated_at, estilo_id) VALUES('10101111604', 'Classic Infantil', 'Amarelo Ouro', 'Tamanho 8', now(), now(), 4);
INSERT INTO sku_dimona (sku, nome, cor, tamanho, created_at, updated_at, estilo_id) VALUES('10101111605', 'Classic Infantil', 'Amarelo Ouro', 'Tamanho 10', now(), now(), 4);
INSERT INTO sku_dimona (sku, nome, cor, tamanho, created_at, updated_at, estilo_id) VALUES('10101111606', 'Classic Infantil', 'Amarelo Ouro', 'Tamanho 12', now(), now(), 4);
INSERT INTO sku_dimona (sku, nome, cor, tamanho, created_at, updated_at, estilo_id) VALUES('10101111607', 'Classic Infantil', 'Amarelo Ouro', 'Tamanho 14', now(), now(), 4);

